IMG_8304.JPG,4 2 484 1521 1156 4 1605 2755 1898 2997 4 0 3424 936 4029 4 1942 1030 2474 1219 4 1731 1836 2452 2375 4 64 2410 1871 4007 4 1959 2578 2826 3232 
IMG_8305.JPG,4 910 1590 1469 2185 
IMG_8306.JPG,3 0 1789 3024 4019 4 0 1758 2964 2312 2 0 1745 3019 2218 4 1285 3679 1912 4032 4 30 3358 1926 4032 4 283 153 563 368 
IMG_8307.JPG,4 2016 1530 3024 2148 
IMG_8308.JPG,
IMG_8309.JPG,2 17 3430 1284 3657 4 0 2520 894 2722 4 1417 1418 2214 2098 2 1873 2774 3016 3060 4 1316 3430 2980 3985 4 7 1330 1232 1824 4 2507 888 3018 1223 4 499 352 1336 1084 2 7 2518 898 2707 4 2166 0 2808 253 4 665 2230 1042 2545 
IMG_8310.JPG,4 687 2852 1184 3837 4 1299 3380 2364 4029 4 1699 3141 2118 3531 4 1399 4 2177 343 
IMG_8311.JPG,4 1561 1266 1822 1433 
IMG_8312.JPG,4 1603 1552 1827 1693 
IMG_8313.JPG,4 0 1991 501 2296 2 1766 2465 3022 2707 1 1854 554 2339 2564 
IMG_8314.JPG,1 1621 0 2440 1512 4 1816 1469 4032 1892 2 1811 1494 4032 1881 4 636 1892 902 2071 4 737 1638 1720 2038 
